"ID","Description","GeneRatio","BgRatio","RichFactor","FoldEnrichment","zScore","pvalue","p.adjust","qvalue","geneID","Count"
"GO:0140014","mitotic nuclear division","43/263","281/18842",0.153024911032028,10.9631002800969,20.0200730504752,3.27900304231903e-32,6.95148644971633e-29,6.29554072377471e-29,"NDC80/KNTC1/UBE2C/ZWINT/NCAPG/BIRC5/KIF2C/TTK/FBXO5/TRIP13/AURKB/TUBG1/NUF2/KIF15/CDK1/PKMYT1/CCNB1/DLGAP5/SPC24/PLK1/NEK2/NCAPH/CENPF/CDC20/KIFC1/AURKA/TPX2/CHEK1/BUB1/CDCA8/KIF11/SKA1/KNL1/SPC25/KIF4A/ANLN/MKI67/CENPA/SPAG5/CDCA2/SKA3/UHRF1/CDT1",43
"GO:0000819","sister chromatid segregation","39/263","246/18842",0.158536585365854,11.357970880089,19.4558922404171,7.52851287238225e-30,7.98022364472518e-27,7.22720576435092e-27,"NDC80/KNTC1/UBE2C/RMI2/ZWINT/NCAPG/BIRC5/KIF2C/TTK/FBXO5/TRIP13/AURKB/TUBG1/NUF2/KIF15/CDK1/CCNB1/DLGAP5/SPC24/PLK1/NCAPH/CENPF/CDC20/KIFC1/TPX2/CDC6/TOP2A/BUB1/CDCA8/KIF11/SKA1/KNL1/SPC25/KIF4A/CENPA/SPAG5/SKA3/UHRF1/CDT1",39
"GO:0000070","mitotic sister chromatid segregation","36/263","205/18842",0.175609756097561,12.5811369748678,19.836215043441,3.16960869865211e-29,2.23985681371416e-26,2.02850280845145e-26,"NDC80/KNTC1/UBE2C/ZWINT/NCAPG/BIRC5/KIF2C/TTK/FBXO5/TRIP13/AURKB/TUBG1/NUF2/KIF15/CDK1/CCNB1/DLGAP5/SPC24/PLK1/NCAPH/CENPF/CDC20/KIFC1/TPX2/BUB1/CDCA8/KIF11/SKA1/KNL1/SPC25/KIF4A/CENPA/SPAG5/SKA3/UHRF1/CDT1",36
"GO:0000280","nuclear division","47/263","422/18842",0.111374407582938,7.97915052348945,17.2517302690691,7.81592965019907e-29,4.14244271460551e-26,3.75155975550625e-26,"NDC80/KNTC1/UBE2C/ZWINT/RAD51/NCAPG/BIRC5/KIF2C/TTK/FBXO5/TRIP13/AURKB/TUBG1/NUF2/KIF15/CDK1/PKMYT1/CCNB1/DLGAP5/SPC24/PLK1/RAD54L/NEK2/NCAPH/CENPF/CDC20/KIFC1/AURKA/TPX2/BRCA2/TOP2A/CHEK1/BUB1/CDCA8/KIF11/SKA1/KNL1/SPC25/KIF4A/ANLN/MKI67/CENPA/SPAG5/CDCA2/SKA3/UHRF1/CDT1",47
"GO:0016064","immunoglobulin mediated immune response","33/263","172/18842",0.191860465116279,13.7453797860111,19.9785298667735,3.68261580200867e-28,1.56142910005168e-25,1.41409187197126e-25,"IGLC3/IGHV4-59/IGHV3-7/IGHV3-53/IGHV1-58/IGHA1/IGHV3-20/IGHV2-5/IGHV6-1/IGHV3-73/IGHV4-34/IGHV4-61/IGHV2-70/IGHV3-15/IGHV3-49/IGKC/IGLC2/IGHA2/IGHG1/IGHV3-66/IGHV3-11/IGHV1-18/IGHV3-30/IGHV3-33/IGHG3/IGHV3-21/IGHV4-28/IGHV3-23/IGHV1-24/IGHV5-51/IGHV3-64/C1QC/IGHV4-39",33
"GO:0019724","B cell mediated immunity","33/263","177/18842",0.186440677966102,13.3570922214346,19.6520384672106,9.85973016897893e-28,3.48377132637256e-25,3.15504092774173e-25,"IGLC3/IGHV4-59/IGHV3-7/IGHV3-53/IGHV1-58/IGHA1/IGHV3-20/IGHV2-5/IGHV6-1/IGHV3-73/IGHV4-34/IGHV4-61/IGHV2-70/IGHV3-15/IGHV3-49/IGKC/IGLC2/IGHA2/IGHG1/IGHV3-66/IGHV3-11/IGHV1-18/IGHV3-30/IGHV3-33/IGHG3/IGHV3-21/IGHV4-28/IGHV3-23/IGHV1-24/IGHV5-51/IGHV3-64/C1QC/IGHV4-39",33
"GO:0007059","chromosome segregation","45/263","420/18842",0.107142857142857,7.67599130907116,16.4623071544983,6.85994697877901e-27,2.0775839421445e-24,1.88154208591816e-24,"NDC80/KNTC1/UBE2C/RMI2/ZWINT/NCAPG/BIRC5/KIF2C/TTK/FBXO5/TRIP13/AURKB/TUBG1/NUF2/KIF15/CDK1/CCNB1/DLGAP5/SPC24/PLK1/NEK2/NCAPH/CENPF/CDC20/KIFC1/TPX2/CDC6/HJURP/TOP2A/BUB1/CDCA8/KIF11/SKA1/KNL1/SPC25/KIF4A/MKI67/CENPA/SPAG5/CDCA2/SKA3/CENPO/UHRF1/STIL/CDT1",45
"GO:0098813","nuclear chromosome segregation","40/263","315/18842",0.126984126984127,9.09747118112137,17.2433172588918,8.95538705132951e-27,2.21720945896737e-24,2.00799246938577e-24,"NDC80/KNTC1/UBE2C/RMI2/ZWINT/NCAPG/BIRC5/KIF2C/TTK/FBXO5/TRIP13/AURKB/TUBG1/NUF2/KIF15/CDK1/CCNB1/DLGAP5/SPC24/PLK1/NEK2/NCAPH/CENPF/CDC20/KIFC1/TPX2/CDC6/TOP2A/BUB1/CDCA8/KIF11/SKA1/KNL1/SPC25/KIF4A/CENPA/SPAG5/SKA3/UHRF1/CDT1",40
"GO:0048285","organelle fission","47/263","470/18842",0.1,7.16425855513308,16.1016446851538,9.41268166542753e-27,2.21720945896737e-24,2.00799246938577e-24,"NDC80/KNTC1/UBE2C/ZWINT/RAD51/NCAPG/BIRC5/KIF2C/TTK/FBXO5/TRIP13/AURKB/TUBG1/NUF2/KIF15/CDK1/PKMYT1/CCNB1/DLGAP5/SPC24/PLK1/RAD54L/NEK2/NCAPH/CENPF/CDC20/KIFC1/AURKA/TPX2/BRCA2/TOP2A/CHEK1/BUB1/CDCA8/KIF11/SKA1/KNL1/SPC25/KIF4A/ANLN/MKI67/CENPA/SPAG5/CDCA2/SKA3/UHRF1/CDT1",47
"GO:0007088","regulation of mitotic nuclear division","28/263","120/18842",0.233333333333333,16.7166032953105,20.5490559896023,1.50538613873288e-26,3.1914186141137e-24,2.89027476311707e-24,"NDC80/KNTC1/UBE2C/ZWINT/BIRC5/TTK/FBXO5/TRIP13/AURKB/NUF2/PKMYT1/CCNB1/DLGAP5/SPC24/PLK1/NEK2/CENPF/CDC20/AURKA/CHEK1/BUB1/CDCA8/SKA1/KNL1/SPC25/MKI67/CDCA2/SKA3",28
"GO:1905818","regulation of chromosome separation","24/263","82/18842",0.292682926829268,20.9685616247797,21.5603582928454,1.64492030974953e-25,3.17021005151727e-23,2.87106745105737e-23,"NDC80/KNTC1/UBE2C/ZWINT/NCAPG/BIRC5/TTK/FBXO5/TRIP13/AURKB/NUF2/CCNB1/DLGAP5/SPC24/PLK1/NCAPH/CENPF/CDC20/BUB1/CDCA8/SKA1/KNL1/SPC25/SKA3",24
"GO:0051783","regulation of nuclear division","28/263","135/18842",0.207407407407407,14.8592029291649,19.2274524775677,5.11500208413834e-25,9.03650368197773e-23,8.18381469084967e-23,"NDC80/KNTC1/UBE2C/ZWINT/BIRC5/TTK/FBXO5/TRIP13/AURKB/NUF2/PKMYT1/CCNB1/DLGAP5/SPC24/PLK1/NEK2/CENPF/CDC20/AURKA/CHEK1/BUB1/CDCA8/SKA1/KNL1/SPC25/MKI67/CDCA2/SKA3",28
"GO:0051304","chromosome separation","24/263","88/18842",0.272727272727273,19.5388869685448,20.739425336767,1.10446032681571e-24,1.80111991757639e-22,1.63116534449501e-22,"NDC80/KNTC1/UBE2C/ZWINT/NCAPG/BIRC5/TTK/FBXO5/TRIP13/AURKB/NUF2/CCNB1/DLGAP5/SPC24/PLK1/NCAPH/CENPF/CDC20/BUB1/CDCA8/SKA1/KNL1/SPC25/SKA3",24
"GO:0051983","regulation of chromosome segregation","28/263","140/18842",0.2,14.3285171102662,18.8330433909139,1.49586166059108e-24,2.26516194318077e-22,2.05142013328978e-22,"NDC80/KNTC1/UBE2C/RMI2/ZWINT/NCAPG/BIRC5/KIF2C/TTK/FBXO5/TRIP13/AURKB/NUF2/CDK1/CCNB1/DLGAP5/SPC24/PLK1/NCAPH/CENPF/CDC20/CDC6/BUB1/CDCA8/SKA1/KNL1/SPC25/SKA3",28
"GO:0010965","regulation of mitotic sister chromatid separation","22/263","69/18842",0.318840579710145,22.84256350912,21.6261889973103,2.07690659835214e-24,2.93536132567103e-22,2.65837916802806e-22,"NDC80/KNTC1/UBE2C/ZWINT/BIRC5/TTK/FBXO5/TRIP13/AURKB/NUF2/CCNB1/DLGAP5/SPC24/PLK1/CENPF/CDC20/BUB1/CDCA8/SKA1/KNL1/SPC25/SKA3",22
"GO:0051306","mitotic sister chromatid separation","22/263","71/18842",0.309859154929577,22.1991110159053,21.2922619440659,4.28171218609282e-24,5.67326864657299e-22,5.13793618958604e-22,"NDC80/KNTC1/UBE2C/ZWINT/BIRC5/TTK/FBXO5/TRIP13/AURKB/NUF2/CCNB1/DLGAP5/SPC24/PLK1/CENPF/CDC20/BUB1/CDCA8/SKA1/KNL1/SPC25/SKA3",22
"GO:0045839","negative regulation of mitotic nuclear division","21/263","64/18842",0.328125,23.5077233840304,21.4593009479141,1.183794883953e-23,1.47626185528257e-21,1.33696105086501e-21,"NDC80/KNTC1/ZWINT/BIRC5/TTK/FBXO5/TRIP13/AURKB/NUF2/CCNB1/SPC24/PLK1/CENPF/CDC20/CHEK1/BUB1/CDCA8/SKA1/KNL1/SPC25/SKA3",21
"GO:0033047","regulation of mitotic sister chromatid segregation","21/263","65/18842",0.323076923076923,23.1460661011992,21.2793740508994,1.72730152144924e-23,2.03437734748466e-21,1.84241248706413e-21,"NDC80/KNTC1/ZWINT/BIRC5/TTK/FBXO5/TRIP13/AURKB/NUF2/CDK1/CCNB1/SPC24/PLK1/CENPF/CDC20/BUB1/CDCA8/SKA1/KNL1/SPC25/SKA3",21
"GO:0044772","mitotic cell cycle phase transition","42/263","434/18842",0.0967741935483871,6.93315344045137,14.8780434809218,2.25083352701899e-23,2.5114563564633e-21,2.27447408298447e-21,"NDC80/KNTC1/UBE2C/CDKN3/RRM2/CDC25A/ZWINT/ORC1/E2F1/BIRC5/TTK/FBXO5/TRIP13/AURKB/CCNA2/NUF2/CDK1/PKMYT1/CCNB1/CCNB2/DLGAP5/SPC24/PLK1/NEK2/CENPF/CDC20/AURKA/CDC6/CHEK1/BUB1/MELK/CDCA8/SKA1/KNL1/SPC25/FOXM1/ANLN/DTL/SKA3/CCNF/STIL/CLSPN",42
"GO:0033046","negative regulation of sister chromatid segregation","20/263","58/18842",0.344827586206897,24.7043398452865,21.5112923987029,4.37945203012558e-23,4.0367123060288e-21,3.65580612097775e-21,"NDC80/KNTC1/ZWINT/BIRC5/TTK/FBXO5/TRIP13/AURKB/NUF2/CCNB1/SPC24/PLK1/CENPF/CDC20/BUB1/CDCA8/SKA1/KNL1/SPC25/SKA3",20
"GO:0033048","negative regulation of mitotic sister chromatid segregation","20/263","58/18842",0.344827586206897,24.7043398452865,21.5112923987029,4.37945203012558e-23,4.0367123060288e-21,3.65580612097775e-21,"NDC80/KNTC1/ZWINT/BIRC5/TTK/FBXO5/TRIP13/AURKB/NUF2/CCNB1/SPC24/PLK1/CENPF/CDC20/BUB1/CDCA8/SKA1/KNL1/SPC25/SKA3",20
"GO:0045841","negative regulation of mitotic metaphase/anaphase transition","20/263","58/18842",0.344827586206897,24.7043398452865,21.5112923987029,4.37945203012558e-23,4.0367123060288e-21,3.65580612097775e-21,"NDC80/KNTC1/ZWINT/BIRC5/TTK/FBXO5/TRIP13/AURKB/NUF2/CCNB1/SPC24/PLK1/CENPF/CDC20/BUB1/CDCA8/SKA1/KNL1/SPC25/SKA3",20
"GO:2000816","negative regulation of mitotic sister chromatid separation","20/263","58/18842",0.344827586206897,24.7043398452865,21.5112923987029,4.37945203012558e-23,4.0367123060288e-21,3.65580612097775e-21,"NDC80/KNTC1/ZWINT/BIRC5/TTK/FBXO5/TRIP13/AURKB/NUF2/CCNB1/SPC24/PLK1/CENPF/CDC20/BUB1/CDCA8/SKA1/KNL1/SPC25/SKA3",20
"GO:0000075","cell cycle checkpoint signaling","30/263","191/18842",0.157068062827225,11.2527621284813,16.9443606204822,5.31278968560311e-23,4.66755993176897e-21,4.22712665034537e-21,"NDC80/KNTC1/ZWINT/ORC1/E2F1/RAD51/BIRC5/TTK/TRIP13/AURKB/CDC45/NUF2/CDK1/CCNB1/SPC24/PLK1/CENPF/CDC20/CDC6/BRCA2/CHEK1/BUB1/CDCA8/SKA1/KNL1/SPC25/DTL/SKA3/CDT1/CLSPN",30
"GO:0033045","regulation of sister chromatid segregation","25/263","115/18842",0.217391304347826,15.5744751198545,18.6520435059954,5.50419803274642e-23,4.66755993176897e-21,4.22712665034537e-21,"NDC80/KNTC1/UBE2C/RMI2/ZWINT/BIRC5/TTK/FBXO5/TRIP13/AURKB/NUF2/CDK1/CCNB1/DLGAP5/SPC24/PLK1/CENPF/CDC20/CDC6/BUB1/CDCA8/SKA1/KNL1/SPC25/SKA3",25
"GO:1902100","negative regulation of metaphase/anaphase transition of cell cycle","20/263","60/18842",0.333333333333333,23.8808618504436,21.1200901531573,9.69489952736627e-23,7.61229148074685e-21,6.89399186273904e-21,"NDC80/KNTC1/ZWINT/BIRC5/TTK/FBXO5/TRIP13/AURKB/NUF2/CCNB1/SPC24/PLK1/CENPF/CDC20/BUB1/CDCA8/SKA1/KNL1/SPC25/SKA3",20
"GO:1905819","negative regulation of chromosome separation","20/263","60/18842",0.333333333333333,23.8808618504436,21.1200901531573,9.69489952736627e-23,7.61229148074685e-21,6.89399186273904e-21,"NDC80/KNTC1/ZWINT/BIRC5/TTK/FBXO5/TRIP13/AURKB/NUF2/CCNB1/SPC24/PLK1/CENPF/CDC20/BUB1/CDCA8/SKA1/KNL1/SPC25/SKA3",20
"GO:0051784","negative regulation of nuclear division","21/263","70/18842",0.3,21.4927756653992,20.4368150548689,1.03060103481168e-22,7.80312212071699e-21,7.06681562841365e-21,"NDC80/KNTC1/ZWINT/BIRC5/TTK/FBXO5/TRIP13/AURKB/NUF2/CCNB1/SPC24/PLK1/CENPF/CDC20/CHEK1/BUB1/CDCA8/SKA1/KNL1/SPC25/SKA3",21
"GO:0051985","negative regulation of chromosome segregation","20/263","61/18842",0.327868852459016,23.4893723119117,20.931559044646,1.42466107135719e-22,1.04147636940595e-20,9.43202140128133e-21,"NDC80/KNTC1/ZWINT/BIRC5/TTK/FBXO5/TRIP13/AURKB/NUF2/CCNB1/SPC24/PLK1/CENPF/CDC20/BUB1/CDCA8/SKA1/KNL1/SPC25/SKA3",20
"GO:0030071","regulation of mitotic metaphase/anaphase transition","23/263","100/18842",0.23,16.4777946768061,18.4637451067092,7.77286732229308e-22,4.95513373603714e-20,4.48756484711909e-20,"NDC80/KNTC1/UBE2C/ZWINT/BIRC5/TTK/FBXO5/TRIP13/AURKB/NUF2/CCNB1/DLGAP5/SPC24/PLK1/CENPF/CDC20/CDC6/BUB1/CDCA8/SKA1/KNL1/SPC25/SKA3",23
"GO:0007094","mitotic spindle assembly checkpoint signaling","19/263","56/18842",0.339285714285714,24.3073058120587,20.7820129300265,7.85792197336288e-22,4.95513373603714e-20,4.48756484711909e-20,"NDC80/KNTC1/ZWINT/BIRC5/TTK/TRIP13/AURKB/NUF2/CCNB1/SPC24/PLK1/CENPF/CDC20/BUB1/CDCA8/SKA1/KNL1/SPC25/SKA3",19
"GO:0071173","spindle assembly checkpoint signaling","19/263","56/18842",0.339285714285714,24.3073058120587,20.7820129300265,7.85792197336288e-22,4.95513373603714e-20,4.48756484711909e-20,"NDC80/KNTC1/ZWINT/BIRC5/TTK/TRIP13/AURKB/NUF2/CCNB1/SPC24/PLK1/CENPF/CDC20/BUB1/CDCA8/SKA1/KNL1/SPC25/SKA3",19
"GO:0071174","mitotic spindle checkpoint signaling","19/263","56/18842",0.339285714285714,24.3073058120587,20.7820129300265,7.85792197336288e-22,4.95513373603714e-20,4.48756484711909e-20,"NDC80/KNTC1/ZWINT/BIRC5/TTK/TRIP13/AURKB/NUF2/CCNB1/SPC24/PLK1/CENPF/CDC20/BUB1/CDCA8/SKA1/KNL1/SPC25/SKA3",19
"GO:0010948","negative regulation of cell cycle process","35/263","309/18842",0.113268608414239,8.11485596859734,15.0034512424394,7.94691259553126e-22,4.95513373603714e-20,4.48756484711909e-20,"NDC80/KNTC1/ZWINT/ORC1/E2F1/RAD51/BIRC5/TTK/FBXO5/TRIP13/AURKB/CDC45/NUF2/CDK1/PKMYT1/CCNB1/SPC24/PLK1/NEK2/CENPF/CDC20/CDC6/BRCA2/CHEK1/BUB1/CDCA8/SKA1/KNL1/SPC25/DTL/GMNN/SKA3/CCNF/CDT1/CLSPN",35
"GO:0031577","spindle checkpoint signaling","19/263","57/18842",0.333333333333333,23.8808618504436,20.5836737039762,1.16416307423249e-21,7.05150204963682e-20,6.38611880184e-20,"NDC80/KNTC1/ZWINT/BIRC5/TTK/TRIP13/AURKB/NUF2/CCNB1/SPC24/PLK1/CENPF/CDC20/BUB1/CDCA8/SKA1/KNL1/SPC25/SKA3",19
"GO:1902099","regulation of metaphase/anaphase transition of cell cycle","23/263","103/18842",0.223300970873786,15.9978589095205,18.1590595202658,1.61239259773534e-21,9.49520085333036e-20,8.5992289685037e-20,"NDC80/KNTC1/UBE2C/ZWINT/BIRC5/TTK/FBXO5/TRIP13/AURKB/NUF2/CCNB1/DLGAP5/SPC24/PLK1/CENPF/CDC20/CDC6/BUB1/CDCA8/SKA1/KNL1/SPC25/SKA3",23
"GO:0007091","metaphase/anaphase transition of mitotic cell cycle","23/263","104/18842",0.221153846153846,15.8440333430828,18.0603289059342,2.04487281828099e-21,1.17165685804208e-19,1.061098732976e-19,"NDC80/KNTC1/UBE2C/ZWINT/BIRC5/TTK/FBXO5/TRIP13/AURKB/NUF2/CCNB1/DLGAP5/SPC24/PLK1/CENPF/CDC20/CDC6/BUB1/CDCA8/SKA1/KNL1/SPC25/SKA3",23
"GO:0044784","metaphase/anaphase transition of cell cycle","23/263","107/18842",0.214953271028037,15.3998081091646,17.772168678565,4.10501434292954e-21,2.29016589658174e-19,2.07406470118614e-19,"NDC80/KNTC1/UBE2C/ZWINT/BIRC5/TTK/FBXO5/TRIP13/AURKB/NUF2/CCNB1/DLGAP5/SPC24/PLK1/CENPF/CDC20/CDC6/BUB1/CDCA8/SKA1/KNL1/SPC25/SKA3",23
"GO:0007093","mitotic cell cycle checkpoint signaling","25/263","140/18842",0.178571428571429,12.7933188484519,16.6638256723026,9.46607201527079e-21,5.1456596595831e-19,4.66011264956317e-19,"NDC80/KNTC1/ZWINT/ORC1/BIRC5/TTK/TRIP13/AURKB/NUF2/CDK1/CCNB1/SPC24/PLK1/CENPF/CDC20/CDC6/CHEK1/BUB1/CDCA8/SKA1/KNL1/SPC25/DTL/SKA3/CLSPN",25
"GO:1901988","negative regulation of cell cycle phase transition","32/263","269/18842",0.118959107806691,8.52253805815088,14.784893002514,1.12474812926418e-20,5.96116508510017e-19,5.39866657668929e-19,"NDC80/KNTC1/ZWINT/ORC1/E2F1/RAD51/BIRC5/TTK/FBXO5/TRIP13/AURKB/CDC45/NUF2/CDK1/PKMYT1/CCNB1/SPC24/PLK1/CENPF/CDC20/CDC6/BRCA2/CHEK1/BUB1/CDCA8/SKA1/KNL1/SPC25/DTL/SKA3/CDT1/CLSPN",32
"GO:0002449","lymphocyte mediated immunity","35/263","339/18842",0.103244837758112,7.39672712181881,14.1401911663508,1.70614903614384e-20,8.82203891859742e-19,7.98958692942886e-19,"IGLC3/IGHV4-59/KIR2DL4/IGHV3-7/IGHV3-53/IGHV1-58/IGHA1/IGHV3-20/IGHV2-5/IGHV6-1/IGHV3-73/SLAMF7/IGHV4-34/IGHV4-61/IGHV2-70/IGHV3-15/IGHV3-49/IGKC/IGLC2/IGHA2/IGHG1/IGHV3-66/IGHV3-11/IGHV1-18/IGHV3-30/IGHV3-33/IGHG3/IGHV3-21/IGHV4-28/IGHV3-23/IGHV1-24/IGHV5-51/IGHV3-64/C1QC/IGHV4-39",35
"GO:1901990","regulation of mitotic cell cycle phase transition","35/263","345/18842",0.101449275362319,7.26808838926544,13.9801777403551,3.03126098191371e-20,1.5300650670612e-18,1.38568736476527e-18,"NDC80/KNTC1/UBE2C/RRM2/CDC25A/ZWINT/ORC1/E2F1/BIRC5/TTK/FBXO5/TRIP13/AURKB/NUF2/CDK1/PKMYT1/CCNB1/DLGAP5/SPC24/PLK1/CENPF/CDC20/AURKA/CDC6/CHEK1/BUB1/CDCA8/SKA1/KNL1/SPC25/ANLN/DTL/SKA3/STIL/CLSPN",35
"GO:0033044","regulation of chromosome organization","30/263","246/18842",0.121951219512195,8.73690067699156,14.5326056221799,9.46209003622017e-20,4.66503043646204e-18,4.22483583947628e-18,"NDC80/KNTC1/UBE2C/FEN1/RMI2/ZWINT/NCAPG/BIRC5/TTK/FBXO5/TRIP13/AURKB/NUF2/CDK1/CCNB1/DLGAP5/SPC24/PLK1/NEK2/NCAPH/CENPF/CDC20/CDC6/BUB1/CDCA8/PIF1/SKA1/KNL1/SPC25/SKA3",30
"GO:1901987","regulation of cell cycle phase transition","39/263","459/18842",0.0849673202614379,6.08727851089739,13.1281141787204,1.013590994199e-19,4.88366569932246e-18,4.42284056996772e-18,"NDC80/KNTC1/UBE2C/RRM2/CDC25A/ZWINT/ORC1/E2F1/RAD51/BIRC5/TTK/FBXO5/TRIP13/AURKB/CDC45/NUF2/CDK1/PKMYT1/CCNB1/DLGAP5/SPC24/PLK1/CENPF/CDC20/AURKA/CDC6/BRCA2/CHEK1/BUB1/CDCA8/SKA1/KNL1/SPC25/ANLN/DTL/SKA3/STIL/CDT1/CLSPN",39
"GO:0050000","chromosome localization","23/263","123/18842",0.186991869918699,13.3965810380537,16.4108788358637,1.18520150936033e-19,5.5836159996531e-18,5.05674321111142e-18,"NDC80/KNTC1/ZWINT/BIRC5/KIF2C/TTK/AURKB/NUF2/CDK1/CCNB1/DLGAP5/SPC24/NEK2/CENPF/KIFC1/CDCA8/SKA1/KNL1/SPC25/CENPA/SPAG5/SKA3/CDT1",23
"GO:1901991","negative regulation of mitotic cell cycle phase transition","27/263","190/18842",0.142105263157895,10.1807884730839,15.1325723867201,1.26291861979001e-19,5.82040755207568e-18,5.27119099463304e-18,"NDC80/KNTC1/ZWINT/ORC1/BIRC5/TTK/FBXO5/TRIP13/AURKB/NUF2/CDK1/PKMYT1/CCNB1/SPC24/PLK1/CENPF/CDC20/CDC6/CHEK1/BUB1/CDCA8/SKA1/KNL1/SPC25/DTL/SKA3/CLSPN",27
"GO:0051310","metaphase chromosome alignment","22/263","109/18842",0.201834862385321,14.4599713956814,16.7676577560271,1.31221373981456e-19,5.91892154980185e-18,5.36040916243545e-18,"NDC80/KNTC1/ZWINT/BIRC5/KIF2C/TTK/AURKB/NUF2/CDK1/CCNB1/SPC24/NEK2/CENPF/KIFC1/CDCA8/SKA1/KNL1/SPC25/CENPA/SPAG5/SKA3/CDT1",22
"GO:0007346","regulation of mitotic cell cycle","40/263","492/18842",0.0813008130081301,5.82460045132771,12.9016290814341,1.60202009485149e-19,7.07558875226073e-18,6.40793267119976e-18,"NDC80/KNTC1/UBE2C/RRM2/CDC25A/ZWINT/ORC1/E2F1/BIRC5/TTK/FBXO5/TRIP13/AURKB/NUF2/CDK1/PKMYT1/CCNB1/DLGAP5/SPC24/PLK1/NEK2/CENPF/CDC20/AURKA/CDC6/CHEK1/BUB1/CDCA8/SKA1/KNL1/SPC25/FOXM1/ANLN/MKI67/DTL/GMNN/CDCA2/SKA3/STIL/CLSPN",40
"GO:0002460","adaptive immune response based on somatic recombination of immune receptors built from immunoglobulin superfamily domains","35/263","377/18842",0.0928381962864721,6.65116841988482,13.1872108873688,5.38047722490944e-19,2.32787994220572e-17,2.10822003066876e-17,"IGLC3/ZBTB46/IGHV4-59/IGHV3-7/IGHV3-53/IGHV1-58/IGHA1/IGHV3-20/IGHV2-5/IGHV6-1/IGHV3-73/IGHV4-34/IGHV4-61/IGHV2-70/IGHV3-15/IGHV3-49/IGKC/IGLC2/IGHA2/IGHG1/IGHV3-66/IGHV3-11/IGHV1-18/IGHV3-30/IGHV3-33/IGHG3/IGHV3-21/IGHV4-28/IGHV3-23/IGHV1-24/IGHV5-51/IGHV3-64/C1QC/IGHV4-39/STAT5A",35
"GO:0008608","attachment of spindle microtubules to kinetochore","17/263","55/18842",0.309090909090909,22.1440718976841,18.6835731024952,7.3265774860215e-19,3.10646885407312e-17,2.81334090477197e-17,"NDC80/KNTC1/BIRC5/KIF2C/AURKB/NUF2/CDK1/CCNB1/SPC24/NEK2/CDCA8/SKA1/KNL1/SPC25/SPAG5/SKA3/CDT1",17
"GO:0045786","negative regulation of cell cycle","35/263","382/18842",0.0916230366492147,6.56411124161408,13.0716472312762,8.21349899298417e-19,3.41423879708362e-17,3.09206952257076e-17,"NDC80/KNTC1/ZWINT/ORC1/E2F1/RAD51/BIRC5/TTK/FBXO5/TRIP13/AURKB/CDC45/NUF2/CDK1/PKMYT1/CCNB1/SPC24/PLK1/NEK2/CENPF/CDC20/CDC6/BRCA2/CHEK1/BUB1/CDCA8/SKA1/KNL1/SPC25/DTL/GMNN/SKA3/CCNF/CDT1/CLSPN",35
"GO:2001251","negative regulation of chromosome organization","21/263","105/18842",0.2,14.3285171102662,16.294653757352,1.10758054311785e-18,4.51552067578815e-17,4.08943389433364e-17,"NDC80/KNTC1/ZWINT/BIRC5/TTK/FBXO5/TRIP13/AURKB/NUF2/CCNB1/SPC24/PLK1/CENPF/CDC20/BUB1/CDCA8/PIF1/SKA1/KNL1/SPC25/SKA3",21
"GO:0045930","negative regulation of mitotic cell cycle","28/263","237/18842",0.118143459915612,8.46410293433444,13.7580105279251,3.97164785368475e-18,1.5886591414739e-16,1.43875247311372e-16,"NDC80/KNTC1/ZWINT/ORC1/BIRC5/TTK/FBXO5/TRIP13/AURKB/NUF2/CDK1/PKMYT1/CCNB1/SPC24/PLK1/CENPF/CDC20/CDC6/CHEK1/BUB1/CDCA8/SKA1/KNL1/SPC25/DTL/GMNN/SKA3/CLSPN",28
"GO:0002443","leukocyte mediated immunity","35/263","429/18842",0.0815850815850816,5.84496618717151,12.0774653909489,3.24461947846101e-17,1.27381357302544e-15,1.15361588941971e-15,"IGLC3/IGHV4-59/KIR2DL4/IGHV3-7/IGHV3-53/IGHV1-58/IGHA1/IGHV3-20/IGHV2-5/IGHV6-1/IGHV3-73/SLAMF7/IGHV4-34/IGHV4-61/IGHV2-70/IGHV3-15/IGHV3-49/IGKC/IGLC2/IGHA2/IGHG1/IGHV3-66/IGHV3-11/IGHV1-18/IGHV3-30/IGHV3-33/IGHG3/IGHV3-21/IGHV4-28/IGHV3-23/IGHV1-24/IGHV5-51/IGHV3-64/C1QC/IGHV4-39",35
"GO:0007051","spindle organization","25/263","195/18842",0.128205128205128,9.18494686555523,13.6693343483863,3.73624159790744e-17,1.44015130682978e-15,1.30425791176133e-15,"NDC80/BIRC5/TTK/AURKB/TUBG1/NUF2/KIF15/CCNB1/DLGAP5/PLK1/NEK2/KIFC1/AURKA/TPX2/CDCA8/KIF11/SKA1/STMN1/SPC25/KIF4A/ASPM/SPAG5/SKA3/UHRF1/STIL",25
"GO:1902850","microtubule cytoskeleton organization involved in mitosis","22/263","160/18842",0.1375,9.85085551330798,13.3768001963334,6.95052216617243e-16,2.63126910576528e-14,2.38298124154893e-14,"NDC80/BIRC5/TTK/AURKB/TUBG1/NUF2/KIF15/CDK1/CCNB1/DLGAP5/PLK1/KIFC1/AURKA/TPX2/CDCA8/KIF11/STMN1/SPC25/KIF4A/CENPA/UHRF1/STIL",22
"GO:0007052","mitotic spindle organization","20/263","134/18842",0.149253731343284,10.6929232166165,13.3971423724481,2.97727662207615e-15,1.10733797171955e-13,1.00284900882271e-13,"NDC80/BIRC5/TTK/AURKB/TUBG1/NUF2/KIF15/CCNB1/DLGAP5/PLK1/KIFC1/AURKA/TPX2/CDCA8/KIF11/STMN1/SPC25/KIF4A/UHRF1/STIL",20
"GO:0044839","cell cycle G2/M phase transition","20/263","146/18842",0.136986301369863,9.8140528152508,12.7202723045273,1.62189486775327e-14,5.89756535863609e-13,5.34106815211178e-13,"NDC80/CDC25A/ORC1/BIRC5/FBXO5/AURKB/CCNA2/CDK1/PKMYT1/CCNB1/PLK1/NEK2/CENPF/AURKA/CDC6/CHEK1/MELK/FOXM1/DTL/CLSPN",20
"GO:0090068","positive regulation of cell cycle process","25/263","252/18842",0.0992063492063492,7.10739936025107,11.6127633644673,1.64130356679023e-14,5.89756535863609e-13,5.34106815211178e-13,"NDC80/UBE2C/FEN1/RRM2/CDC25A/NCAPG/BIRC5/FBXO5/AURKB/CDK1/CCNB1/DLGAP5/PLK1/NCAPH/CDC20/AURKA/CDC6/BUB1/CDCA8/SKA1/KNL1/DTL/SPAG5/SKA3/STIL",25
"GO:0000086","G2/M transition of mitotic cell cycle","19/263","131/18842",0.145038167938931,10.3909093547732,12.8325651751623,2.57360449862716e-14,9.09340256181597e-13,8.23534456402857e-13,"CDC25A/ORC1/BIRC5/FBXO5/AURKB/CCNA2/CDK1/PKMYT1/CCNB1/PLK1/NEK2/CENPF/AURKA/CDC6/CHEK1/MELK/FOXM1/DTL/CLSPN",19
"GO:0006260","DNA replication","27/263","313/18842",0.0862619808306709,6.1800313414886,10.9950509760218,4.37268204223704e-14,1.51968621795779e-12,1.37628786903596e-12,"FEN1/MCM10/RMI2/CDC25A/ORC1/RAD51/GINS2/RECQL4/FBXO5/TK1/FAM111B/ADRA2A/CCNA2/CDC45/MCM6/PCLAF/CDK1/ESCO2/POLQ/CDC6/BRCA2/CHEK1/MCM2/DTL/GMNN/TYMS/CDT1",27
"GO:1905820","positive regulation of chromosome separation","11/263","31/18842",0.354838709677419,25.4215626149883,16.1907525645417,2.10330029614176e-13,7.19193004487184e-12,6.51329594145683e-12,"UBE2C/NCAPG/BIRC5/AURKB/DLGAP5/PLK1/NCAPH/CDC20/CDCA8/SKA1/SKA3",11
"GO:0045787","positive regulation of cell cycle","26/263","312/18842",0.0833333333333333,5.9702154626109,10.5325489248995,2.96743685198386e-13,9.98566051778696e-12,9.04340861458233e-12,"NDC80/UBE2C/FEN1/RRM2/CDC25A/NCAPG/BIRC5/FBXO5/AURKB/CDK1/CCNB1/DLGAP5/PLK1/NCAPH/CDC20/AURKA/CDC6/CHEK1/BUB1/CDCA8/SKA1/KNL1/DTL/SPAG5/SKA3/STIL",26
"GO:0007080","mitotic metaphase chromosome alignment","14/263","70/18842",0.2,14.3285171102662,13.2921202859837,7.25972830085499e-13,2.40478499965821e-11,2.17786828857138e-11,"NDC80/BIRC5/KIF2C/TTK/AURKB/NUF2/CDK1/CCNB1/KIFC1/CDCA8/SKA1/CENPA/SKA3/CDT1",14
"GO:0051315","attachment of mitotic spindle microtubules to kinetochore","10/263","26/18842",0.384615384615385,27.5548405966657,16.1207559103571,1.03273270203031e-12,3.3682974281604e-11,3.05046320411583e-11,"NDC80/BIRC5/KIF2C/AURKB/NUF2/CDK1/CDCA8/SKA1/SKA3/CDT1",10
"GO:1901992","positive regulation of mitotic cell cycle phase transition","15/263","91/18842",0.164835164835165,11.809217398571,12.2976297246692,2.12378778913355e-12,6.82186380751988e-11,6.17814933869845e-11,"UBE2C/RRM2/CDC25A/BIRC5/FBXO5/CDK1/CCNB1/DLGAP5/PLK1/CDC20/CDC6/SKA1/DTL/SKA3/STIL",15
"GO:0051984","positive regulation of chromosome segregation","10/263","28/18842",0.357142857142857,25.5866376969039,15.4901730339623,2.48957152125413e-12,7.87745018665487e-11,7.13413006100532e-11,"NCAPG/BIRC5/AURKB/CDK1/CCNB1/NCAPH/CDC6/CDCA8/SKA1/SKA3",10
"GO:1901970","positive regulation of mitotic sister chromatid separation","9/263","22/18842",0.409090909090909,29.3083304528171,15.8064546325398,7.44724895787142e-12,2.31227335857797e-10,2.09408609205027e-10,"UBE2C/BIRC5/AURKB/DLGAP5/PLK1/CDC20/CDCA8/SKA1/SKA3",9
"GO:0045931","positive regulation of mitotic cell cycle","16/263","117/18842",0.136752136752137,9.79727665659225,11.3566162076618,7.525795365183e-12,2.31227335857797e-10,2.09408609205027e-10,"UBE2C/RRM2/CDC25A/BIRC5/FBXO5/CDK1/CCNB1/DLGAP5/PLK1/CDC20/AURKA/CDC6/SKA1/DTL/SKA3/STIL",16
"GO:0051321","meiotic cell cycle","23/263","281/18842",0.0818505338078292,5.8639838707495,9.77379627536894,1.07095305453748e-11,3.24345782231351e-10,2.93740352569537e-10,"NDC80/CDC25A/ZWINT/RAD51/TTK/FBXO5/TRIP13/TUBG1/NUF2/PKMYT1/RAD54L/NEK2/NCAPH/CDC20/AURKA/BRCA2/TOP2A/SKA1/KNL1/MKI67/ASPM/CDCA2/SKA3",23
"GO:1902969","mitotic DNA replication","8/263","16/18842",0.5,35.8212927756654,16.5784733892452,1.51397822518316e-11,4.52061103857508e-10,4.09404392795101e-10,"RAD51/TK1/CDC45/MCM6/BRCA2/MCM2/GMNN/CDT1",8
"GO:0010639","negative regulation of organelle organization","25/263","348/18842",0.0718390804597701,5.14673746776802,9.28965141448146,2.27174373978378e-11,6.68902323380781e-10,6.05784366772817e-10,"NDC80/KNTC1/ZWINT/BIRC5/TTK/FBXO5/TRIP13/AURKB/LPAR1/NUF2/CCNB1/SPC24/PLK1/CENPF/CDC20/TPX2/CHEK1/BUB1/CDCA8/PIF1/SKA1/KNL1/SPC25/SKA3/CCNF",25
"GO:0051225","spindle assembly","16/263","127/18842",0.125984251968504,9.02583754977396,10.7973204636358,2.69663509366735e-11,7.74421324367617e-10,7.01346542236996e-10,"NDC80/BIRC5/AURKB/KIF15/PLK1/NEK2/KIFC1/TPX2/CDCA8/KIF11/SKA1/KIF4A/SPAG5/SKA3/UHRF1/STIL",16
"GO:1903046","meiotic cell cycle process","19/263","192/18842",0.0989583333333333,7.08963086185044,10.0906895651237,2.70316877373602e-11,7.74421324367617e-10,7.01346542236996e-10,"NDC80/CDC25A/ZWINT/RAD51/TTK/FBXO5/TRIP13/TUBG1/NUF2/PKMYT1/RAD54L/NCAPH/CDC20/AURKA/BRCA2/TOP2A/SKA1/KNL1/SKA3",19
"GO:1901989","positive regulation of cell cycle phase transition","15/263","110/18842",0.136363636363636,9.76944348427238,10.9747587757206,3.59635109083142e-11,1.01656857500835e-09,9.20644657623671e-10,"UBE2C/RRM2/CDC25A/BIRC5/FBXO5/CDK1/CCNB1/DLGAP5/PLK1/CDC20/CDC6/SKA1/DTL/SKA3/STIL",15
"GO:0010389","regulation of G2/M transition of mitotic cell cycle","14/263","97/18842",0.144329896907216,10.34016698679,10.9727748290539,7.51409667797795e-11,2.09603749438332e-09,1.89825435177068e-09,"CDC25A/ORC1/FBXO5/AURKB/CDK1/PKMYT1/CCNB1/PLK1/CENPF/AURKA/CDC6/CHEK1/DTL/CLSPN",14
"GO:0044786","cell cycle DNA replication","10/263","40/18842",0.25,17.9106463878327,12.7381647457665,1.38788687127463e-10,3.82119502221066e-09,3.46062515547219e-09,"FEN1/RAD51/FBXO5/TK1/CDC45/MCM6/BRCA2/MCM2/GMNN/CDT1",10
"GO:1901976","regulation of cell cycle checkpoint","11/263","56/18842",0.196428571428571,14.0726507332971,11.6562591472302,2.71784671085091e-10,7.38696798333836e-09,6.68993000284483e-09,"NDC80/ZWINT/RAD51/BIRC5/AURKB/CCNB1/BRCA2/CDCA8/SKA1/KNL1/SKA3",11
"GO:1902749","regulation of cell cycle G2/M phase transition","14/263","110/18842",0.127272727272727,9.11814725198756,10.1596763758305,4.20075803321209e-10,1.12729202916578e-08,1.02092019146342e-08,"CDC25A/ORC1/FBXO5/AURKB/CDK1/PKMYT1/CCNB1/PLK1/CENPF/AURKA/CDC6/CHEK1/DTL/CLSPN",14
"GO:0090231","regulation of spindle checkpoint","9/263","33/18842",0.272727272727273,19.5388869685448,12.6816702066121,5.04928618390677e-10,1.3380608387353e-08,1.21180075111704e-08,"NDC80/ZWINT/BIRC5/AURKB/CCNB1/CDCA8/SKA1/KNL1/SKA3",9
"GO:0051988","regulation of attachment of spindle microtubules to kinetochore","8/263","23/18842",0.347826086956522,24.9191601917672,13.6562121809436,5.299680275823e-10,1.38707681293145e-08,1.25619155355901e-08,"KNTC1/BIRC5/AURKB/CDK1/CCNB1/NEK2/CDCA8/SPAG5",8
"GO:0044771","meiotic cell cycle phase transition","7/263","15/18842",0.466666666666667,33.433206590621,14.9507726808368,5.5759773995833e-10,1.44159415696544e-08,1.30556461383909e-08,"NDC80/CDC25A/ZWINT/TTK/PKMYT1/CDC20/KNL1",7
"GO:0033260","nuclear DNA replication","9/263","36/18842",0.25,17.9106463878327,12.0831989005211,1.18828998670704e-09,3.03515032749267e-08,2.74875202990405e-08,"FEN1/RAD51/TK1/CDC45/MCM6/BRCA2/MCM2/GMNN/CDT1",9
"GO:0006261","DNA-templated DNA replication","16/263","171/18842",0.0935672514619883,6.70339981766838,8.91387962115211,2.36660947876214e-09,5.97287154163778e-08,5.40926840615364e-08,"FEN1/MCM10/ORC1/RAD51/FBXO5/TK1/FAM111B/CDC45/MCM6/POLQ/CDC6/BRCA2/MCM2/DTL/GMNN/CDT1",16
"GO:0006270","DNA replication initiation","9/263","39/18842",0.230769230769231,16.5329043579994,11.5528751572853,2.57880891736046e-09,6.43185282918139e-08,5.82493999065327e-08,"MCM10/ORC1/CDC45/MCM6/CDC6/MCM2/DTL/GMNN/CDT1",9
"GO:0090266","regulation of mitotic cell cycle spindle assembly checkpoint","8/263","32/18842",0.25,17.9106463878327,11.390937823781,1.01974699865706e-08,2.48490073235972e-07,2.25042426080635e-07,"NDC80/BIRC5/AURKB/CCNB1/CDCA8/SKA1/KNL1/SKA3",8
"GO:1903504","regulation of mitotic spindle checkpoint","8/263","32/18842",0.25,17.9106463878327,11.390937823781,1.01974699865706e-08,2.48490073235972e-07,2.25042426080635e-07,"NDC80/BIRC5/AURKB/CCNB1/CDCA8/SKA1/KNL1/SKA3",8
"GO:0140694","membraneless organelle assembly","23/263","427/18842",0.053864168618267,3.8589683083855,7.10977895853577,3.65639134193336e-08,8.80857914193036e-07,7.97739722399632e-07,"NDC80/KNTC1/BIRC5/AURKB/KIF15/DLGAP5/PLK1/NEK2/CENPF/KIFC1/TPX2/HJURP/CDCA8/KIF11/SKA1/KIF4A/ANLN/CENPA/SPAG5/SKA3/CENPO/UHRF1/STIL",23
"GO:0090307","mitotic spindle assembly","10/263","74/18842",0.135135135135135,9.68143047990957,8.9025994934474,7.75452162338744e-08,1.84714447658218e-06,1.67284700317486e-06,"BIRC5/AURKB/KIF15/PLK1/KIFC1/TPX2/CDCA8/KIF11/KIF4A/UHRF1",10
"GO:0051445","regulation of meiotic cell cycle","9/263","57/18842",0.157894736842105,11.3119871923154,9.27668638504921,8.79344557702595e-08,2.07134495814389e-06,1.87589181555729e-06,"CDC25A/ZWINT/TTK/FBXO5/TRIP13/PKMYT1/CDC20/KNL1/ASPM",9
"GO:0140013","meiotic nuclear division","14/263","166/18842",0.0843373493975904,6.04214576938934,7.76329680074535,8.99233654749034e-08,2.09491796490984e-06,1.89724046165627e-06,"NDC80/ZWINT/RAD51/TTK/FBXO5/TRIP13/NUF2/RAD54L/NCAPH/BRCA2/TOP2A/SKA1/KNL1/SKA3",14
"GO:0007098","centrosome cycle","13/263","143/18842",0.0909090909090909,6.51296232284825,7.87340395399982,1.08426503753853e-07,2.49852378215401e-06,2.26276183283247e-06,"NDC80/CDK11A/PCLAF/KIF15/CDK1/PLK1/NEK2/AURKA/BRCA2/CHEK1/KIF11/CCNF/STIL",13
"GO:0045842","positive regulation of mitotic metaphase/anaphase transition","6/263","18/18842",0.333333333333333,23.8808618504436,11.5550374155402,1.12669546357826e-07,2.54105785402756e-06,2.3012823684855e-06,"UBE2C/DLGAP5/PLK1/CDC20/SKA1/SKA3",6
"GO:0051447","negative regulation of meiotic cell cycle","6/263","18/18842",0.333333333333333,23.8808618504436,11.5550374155402,1.12669546357826e-07,2.54105785402756e-06,2.3012823684855e-06,"ZWINT/TTK/FBXO5/TRIP13/PKMYT1/KNL1",6
"GO:0031570","DNA integrity checkpoint signaling","12/263","122/18842",0.0983606557377049,7.04681169357352,7.97208864323802,1.41791042478276e-07,3.16417905319941e-06,2.86560554074657e-06,"ORC1/E2F1/RAD51/CDC45/CDK1/PLK1/CDC6/BRCA2/CHEK1/DTL/CDT1/CLSPN",12
"GO:1902101","positive regulation of metaphase/anaphase transition of cell cycle","6/263","19/18842",0.315789473684211,22.6239743846308,11.2198378176912,1.62749763036982e-07,3.59405726706668e-06,3.25492023210662e-06,"UBE2C/DLGAP5/PLK1/CDC20/SKA1/SKA3",6
"GO:0031023","microtubule organizing center organization","13/263","155/18842",0.0838709677419355,6.00873298172452,7.4497657629069,2.78650292009569e-07,6.09008885629162e-06,5.51542503657688e-06,"NDC80/CDK11A/PCLAF/KIF15/CDK1/PLK1/NEK2/AURKA/BRCA2/CHEK1/KIF11/CCNF/STIL",13
"GO:0006310","DNA recombination","19/263","338/18842",0.0562130177514793,4.02724593335883,6.68177621743686,3.06355483990074e-07,6.62728189856079e-06,6.00192827564628e-06,"FEN1/RMI2/RAD51/GINS2/RECQL4/TRIP13/CDC45/MCM6/H1-5/PLK1/RAD54L/POLQ/NCAPH/BRCA2/TOP2A/CHEK1/PIF1/MCM2/UHRF1",19
"GO:0000724","double-strand break repair via homologous recombination","14/263","186/18842",0.0752688172043011,5.39245267590662,7.16263760258919,3.67195575240931e-07,7.8631779748563e-06,7.12120458222517e-06,"FEN1/RMI2/RAD51/GINS2/RECQL4/CDC45/MCM6/PLK1/RAD54L/POLQ/BRCA2/CHEK1/MCM2/UHRF1",14
"GO:0051383","kinetochore organization","7/263","34/18842",0.205882352941176,14.7499440840975,9.54745816770715,3.71578865132989e-07,7.87747194081937e-06,7.13414976243602e-06,"KNTC1/NUF2/DLGAP5/CENPF/HJURP/CENPA/CENPO",7
"GO:0000725","recombinational repair","14/263","192/18842",0.0729166666666667,5.22393852978454,6.99918491172206,5.40289284345883e-07,1.13407255724086e-05,1.02706090553e-05,"FEN1/RMI2/RAD51/GINS2/RECQL4/CDC45/MCM6/PLK1/RAD54L/POLQ/BRCA2/CHEK1/MCM2/UHRF1",14
"GO:0051231","spindle elongation","5/263","13/18842",0.384615384615385,27.5548405966657,11.395160035973,5.99103103401746e-07,1.23310541671039e-05,1.11674897502306e-05,"BIRC5/AURKB/CDCA8/KIF11/KIF4A",5
"GO:1901993","regulation of meiotic cell cycle phase transition","5/263","13/18842",0.384615384615385,27.5548405966657,11.395160035973,5.99103103401746e-07,1.23310541671039e-05,1.11674897502306e-05,"CDC25A/ZWINT/TTK/PKMYT1/KNL1",5
"GO:0045132","meiotic chromosome segregation","9/263","71/18842",0.126760563380282,9.08145450650672,8.116965193139,6.14010262163943e-07,1.25163630364188e-05,1.13353127822811e-05,"NDC80/ZWINT/TTK/TRIP13/NUF2/NCAPH/SKA1/KNL1/SKA3",9
"GO:0010972","negative regulation of G2/M transition of mitotic cell cycle","9/263","72/18842",0.125,8.95532319391635,8.04656681118242,6.93252653300399e-07,1.39971011904462e-05,1.26763277461103e-05,"ORC1/AURKB/CDK1/PKMYT1/PLK1/CDC6/CHEK1/DTL/CLSPN",9
"GO:1902750","negative regulation of cell cycle G2/M phase transition","9/263","74/18842",0.121621621621622,8.71328743191861,7.90979193384362,8.78622265904533e-07,1.75724453180907e-05,1.59143006199571e-05,"ORC1/AURKB/CDK1/PKMYT1/PLK1/CDC6/CHEK1/DTL/CLSPN",9
"GO:0006275","regulation of DNA replication","11/263","123/18842",0.0894308943089431,6.40706049646048,7.15799093259744,1.23386429450501e-06,2.44466570500057e-05,2.21398583068151e-05,"CDC25A/FBXO5/CCNA2/MCM6/CDK1/ESCO2/CDC6/MCM2/DTL/GMNN/CDT1",11
"GO:0000212","meiotic spindle organization","5/263","15/18842",0.333333333333333,23.8808618504436,10.5474172993594,1.36625586936489e-06,2.60942562437259e-05,2.36319892194701e-05,"NDC80/TUBG1/AURKA/SKA1/SKA3",5
"GO:0034501","protein localization to kinetochore","5/263","15/18842",0.333333333333333,23.8808618504436,10.5474172993594,1.36625586936489e-06,2.60942562437259e-05,2.36319892194701e-05,"KNTC1/TTK/AURKB/CDK1/KNL1",5
"GO:0051299","centrosome separation","5/263","15/18842",0.333333333333333,23.8808618504436,10.5474172993594,1.36625586936489e-06,2.60942562437259e-05,2.36319892194701e-05,"KIF15/NEK2/AURKA/CHEK1/KIF11",5
"GO:0090235","regulation of metaphase plate congression","5/263","15/18842",0.333333333333333,23.8808618504436,10.5474172993594,1.36625586936489e-06,2.60942562437259e-05,2.36319892194701e-05,"BIRC5/AURKB/CDK1/CDCA8/SPAG5",5
"GO:0061982","meiosis I cell cycle process","11/263","125/18842",0.088,6.30454752851711,7.07952163043872,1.44861370480223e-06,2.74201879837565e-05,2.48328053796812e-05,"NDC80/CDC25A/ZWINT/RAD51/TRIP13/PKMYT1/RAD54L/CDC20/BRCA2/TOP2A/KNL1",11
"GO:0000281","mitotic cytokinesis","10/263","104/18842",0.0961538461538462,6.88871014916642,7.16463239253082,1.95222759062555e-06,3.65358642643922e-05,3.30883219033208e-05,"BIRC5/AURKB/PLK1/CDCA8/STMN1/KIF4A/ANLN/CENPA/CEP55/KIF20A",10
"GO:1903083","protein localization to condensed chromosome","5/263","16/18842",0.3125,22.3883079847909,10.1830077662893,1.96466439912298e-06,3.65358642643922e-05,3.30883219033208e-05,"KNTC1/TTK/AURKB/CDK1/KNL1",5
"GO:0045840","positive regulation of mitotic nuclear division","7/263","43/18842",0.162790697674419,11.6627464851004,8.32826660070932,1.9995729335058e-06,3.68616923394113e-05,3.33834046787918e-05,"UBE2C/DLGAP5/PLK1/CDC20/AURKA/SKA1/SKA3",7
"GO:0030261","chromosome condensation","7/263","45/18842",0.155555555555556,11.1444021968737,8.10600985244252,2.74968697769794e-06,5.02528999372383e-05,4.55110112536534e-05,"NCAPG/H1-5/CDK1/CCNB1/PLK1/NCAPH/TOP2A",7
"GO:0006302","double-strand break repair","17/263","320/18842",0.053125,3.80601235741445,6.02336679073262,2.81117743492032e-06,5.09375740344536e-05,4.61310791618213e-05,"FEN1/RMI2/RAD51/GINS2/RECQL4/TRIP13/CDC45/MCM6/PLK1/RAD54L/POLQ/CDCA5/BRCA2/CHEK1/MCM2/FOXM1/UHRF1",17
"GO:0051052","regulation of DNA metabolic process","21/263","481/18842",0.0436590436590437,3.12784677043232,5.62449331684296,4.32552974062562e-06,7.77129072044603e-05,7.03798785493669e-05,"RMI2/CDC25A/RAD51/FBXO5/AURKB/CCNA2/MCM6/H1-5/CDK1/PLK1/ESCO2/POLQ/NEK2/CDC6/CHEK1/PIF1/MCM2/FOXM1/DTL/GMNN/CDT1",21
"GO:0030174","regulation of DNA-templated DNA replication initiation","5/263","19/18842",0.263157894736842,18.8533119871923,9.26338800823365,5.05366802284853e-06,9.00317328440243e-05,8.15362936620109e-05,"MCM6/MCM2/DTL/GMNN/CDT1",5
"GO:0051382","kinetochore assembly","6/263","33/18842",0.181818181818182,13.0259246456965,8.22642753823656,5.63861316694457e-06,9.96154992826874e-05,9.02157311230752e-05,"KNTC1/DLGAP5/CENPF/HJURP/CENPA/CENPO",6
"GO:0045835","negative regulation of meiotic nuclear division","4/263","10/18842",0.4,28.6570342205323,10.4082104754562,7.29342053398416e-06,0.000125707736032898,0.000113845891409444,"ZWINT/FBXO5/TRIP13/KNL1",4
"GO:0051307","meiotic chromosome separation","4/263","10/18842",0.4,28.6570342205323,10.4082104754562,7.29342053398416e-06,0.000125707736032898,0.000113845891409444,"ZWINT/TTK/NCAPH/KNL1",4
"GO:1902423","regulation of attachment of mitotic spindle microtubules to kinetochore","4/263","10/18842",0.4,28.6570342205323,10.4082104754562,7.29342053398416e-06,0.000125707736032898,0.000113845891409444,"BIRC5/AURKB/CDK1/CDCA8",4
"GO:0051785","positive regulation of nuclear division","7/263","52/18842",0.134615384615385,9.64419420883299,7.42645372108611,7.45910108868832e-06,0.000127526567000155,0.000115493096580146,"UBE2C/DLGAP5/PLK1/CDC20/AURKA/SKA1/SKA3",7
"GO:0044818","mitotic G2/M transition checkpoint","7/263","53/18842",0.132075471698113,9.46222828036444,7.33988947165299,8.49268106319767e-06,0.000144035870831833,0.000130444574274206,"ORC1/CDK1/PLK1/CDC6/CHEK1/DTL/CLSPN",7
"GO:0090232","positive regulation of spindle checkpoint","5/263","21/18842",0.238095238095238,17.0577584646026,8.75975385363554,8.6440270753185e-06,0.000145439185711708,0.000131715471662619,"NDC80/BIRC5/AURKB/CDCA8/KNL1",5
"GO:2001252","positive regulation of chromosome organization","9/263","98/18842",0.0918367346938776,6.57942112206099,6.58854814635556,9.34995124478605e-06,0.000156077926290917,0.000141350335378539,"FEN1/NCAPG/AURKB/CDK1/NEK2/NCAPH/BUB1/SKA1/SKA3",9
"GO:0071459","protein localization to chromosome, centromeric region","6/263","37/18842",0.162162162162162,11.6177165758915,7.69155240075422,1.12945979092391e-05,0.00018344226942304,0.00016613256545462,"KNTC1/TTK/AURKB/CDK1/KNL1/CENPA",6
"GO:0033313","meiotic cell cycle checkpoint signaling","4/263","11/18842",0.363636363636364,26.051849291393,9.88822005919206,1.1335347780386e-05,0.00018344226942304,0.00016613256545462,"ZWINT/TTK/TRIP13/KNL1",4
"GO:0051256","mitotic spindle midzone assembly","4/263","11/18842",0.363636363636364,26.051849291393,9.88822005919206,1.1335347780386e-05,0.00018344226942304,0.00016613256545462,"BIRC5/AURKB/CDCA8/KIF4A",4
"GO:0051987","positive regulation of attachment of spindle microtubules to kinetochore","4/263","11/18842",0.363636363636364,26.051849291393,9.88822005919206,1.1335347780386e-05,0.00018344226942304,0.00016613256545462,"BIRC5/AURKB/CCNB1/CDCA8",4
"GO:0010971","positive regulation of G2/M transition of mitotic cell cycle","5/263","23/18842",0.217391304347826,15.5744751198545,8.32103314108503,1.3970840328902e-05,0.000224380162858123,0.000203207538862161,"CDC25A/FBXO5/CDK1/CCNB1/DTL",5
"GO:0061640","cytoskeleton-dependent cytokinesis","10/263","130/18842",0.0769230769230769,5.51096811933314,6.1404473395225,1.45088347648575e-05,0.000231268644372165,0.000209446019827393,"BIRC5/AURKB/PLK1/CDCA8/STMN1/KIF4A/ANLN/CENPA/CEP55/KIF20A",10
"GO:0000022","mitotic spindle elongation","4/263","12/18842",0.333333333333333,23.8808618504436,9.43314529211156,1.68165582911257e-05,0.0002640822487199,0.000239163316114926,"BIRC5/AURKB/CDCA8/KIF4A",4
"GO:0000727","double-strand break repair via break-induced replication","4/263","12/18842",0.333333333333333,23.8808618504436,9.43314529211156,1.68165582911257e-05,0.0002640822487199,0.000239163316114926,"GINS2/CDC45/MCM6/MCM2",4
"GO:0003094","glomerular filtration","5/263","24/18842",0.208333333333333,14.9255386565272,8.12174918685936,1.74470126467781e-05,0.000271968138317424,0.000246305089239785,"IGHA1/F2R/IGHA2/IGKV3-20/JCHAIN",5
"GO:0000910","cytokinesis","12/263","195/18842",0.0615384615384615,4.40877449546651,5.69285043167138,1.9861334067546e-05,0.000307343271702171,0.00027834220740776,"BIRC5/AURKB/PLK1/AURKA/CDC6/CDCA8/STMN1/KIF4A/ANLN/CENPA/CEP55/KIF20A",12
"GO:0007100","mitotic centrosome separation","4/263","13/18842",0.307692307692308,22.0438724773326,9.03030442916391,2.40243161523363e-05,0.000366414030524841,0.000331839019987689,"NEK2/AURKA/CHEK1/KIF11",4
"GO:0051255","spindle midzone assembly","4/263","13/18842",0.307692307692308,22.0438724773326,9.03030442916391,2.40243161523363e-05,0.000366414030524841,0.000331839019987689,"BIRC5/AURKB/CDCA8/KIF4A",4
"GO:0000076","DNA replication checkpoint signaling","5/263","26/18842",0.192307692307692,13.7774202983328,7.7568409060354,2.6391949238947e-05,0.000388548141573386,0.000351884545286289,"ORC1/CDC45/CDC6/CDT1/CLSPN",5
"GO:0007143","female meiotic nuclear division","5/263","26/18842",0.192307692307692,13.7774202983328,7.7568409060354,2.6391949238947e-05,0.000388548141573386,0.000351884545286289,"NDC80/NCAPH/TOP2A/SKA1/SKA3",5
"GO:0097205","renal filtration","5/263","26/18842",0.192307692307692,13.7774202983328,7.7568409060354,2.6391949238947e-05,0.000388548141573386,0.000351884545286289,"IGHA1/F2R/IGHA2/IGKV3-20/JCHAIN",5
"GO:1901978","positive regulation of cell cycle checkpoint","5/263","26/18842",0.192307692307692,13.7774202983328,7.7568409060354,2.6391949238947e-05,0.000388548141573386,0.000351884545286289,"NDC80/BIRC5/AURKB/CDCA8/KNL1",5
"GO:1902751","positive regulation of cell cycle G2/M phase transition","5/263","26/18842",0.192307692307692,13.7774202983328,7.7568409060354,2.6391949238947e-05,0.000388548141573386,0.000351884545286289,"CDC25A/FBXO5/CDK1/CCNB1/DTL",5
"GO:0090329","regulation of DNA-templated DNA replication","6/263","46/18842",0.130434782608696,9.34468507191271,6.74178394333825,4.09675926238591e-05,0.000598974457672975,0.000542454929324499,"FBXO5/MCM6/MCM2/DTL/GMNN/CDT1",6
"GO:0007096","regulation of exit from mitosis","4/263","15/18842",0.266666666666667,19.1046894803549,8.34573960862067,4.48652419301961e-05,0.000651467896520655,0.000589995061120345,"KNTC1/UBE2C/BIRC5/ANLN",4
"GO:2000242","negative regulation of reproductive process","6/263","47/18842",0.127659574468085,9.14586198527627,6.65247870775212,4.64182831783857e-05,0.000669433743797127,0.000606265642093822,"ZWINT/TTK/FBXO5/TRIP13/PKMYT1/KNL1",6
"GO:0044774","mitotic DNA integrity checkpoint signaling","7/263","71/18842",0.0985915492957746,7.06335350506078,6.08999646222717,5.91849839784559e-05,0.000847784905637342,0.000767787499414486,"ORC1/CDK1/PLK1/CDC6/CHEK1/DTL/CLSPN",7
"GO:0050853","B cell receptor signaling pathway","7/263","74/18842",0.0945945945945946,6.7770013359367,5.92417681463605,7.72930580895378e-05,0.00109974015536792,0.000995968126208689,"IGLC3/IGHA1/IGKC/IGHA2/IGHG1/IGHM/IGHG3",7
"GO:0007095","mitotic G2 DNA damage checkpoint signaling","5/263","33/18842",0.151515151515152,10.8549372047471,6.74134664877804,8.79207129865242e-05,0.00124261274354287,0.00112535918575729,"CDK1/PLK1/CHEK1/DTL/CLSPN",5
"GO:0010638","positive regulation of organelle organization","18/263","466/18842",0.0386266094420601,2.76731017151063,4.59620007930803,0.000103307156456749,0.00145040511051859,0.00131354416142368,"UBE2C/FEN1/NCAPG/AURKB/LPAR1/CDK1/DLGAP5/PLK1/NEK2/NCAPH/CDC20/AURKA/BUB1/SKA1/SDC1/SPAG5/SKA3/STIL",18
"GO:0051053","negative regulation of DNA metabolic process","9/263","133/18842",0.0676691729323308,4.84799451099231,5.2985087822994,0.000105880654710365,0.00147675649990772,0.00133740902057681,"RMI2/FBXO5/H1-5/PLK1/POLQ/CDC6/PIF1/GMNN/CDT1",9
"GO:0000077","DNA damage checkpoint signaling","8/263","109/18842",0.073394495412844,5.25817141661144,5.30458489704857,0.000145973093569814,0.00202263371482356,0.00183177698943383,"E2F1/RAD51/CDK1/PLK1/BRCA2/CHEK1/DTL/CLSPN",8
"GO:0090267","positive regulation of mitotic cell cycle spindle assembly checkpoint","4/263","20/18842",0.2,14.3285171102662,7.09549386353953,0.000150726159171008,0.00207493154183466,0.00187913996742349,"NDC80/BIRC5/AURKB/CDCA8",4
"GO:0007127","meiosis I","8/263","112/18842",0.0714285714285714,5.11732753938077,5.1996513187708,0.000176262104623316,0.00239535680641942,0.00216932974434551,"NDC80/ZWINT/RAD51/TRIP13/RAD54L/BRCA2/TOP2A/KNL1",8
"GO:0034502","protein localization to chromosome","8/263","112/18842",0.0714285714285714,5.11732753938077,5.1996513187708,0.000176262104623316,0.00239535680641942,0.00216932974434551,"KNTC1/TTK/AURKB/CDK1/PLK1/KNL1/CENPA/UHRF1",8
"GO:0040020","regulation of meiotic nuclear division","4/263","21/18842",0.19047619047619,13.6462067716821,6.8987000113565,0.000184157249075877,0.00248670935057872,0.0022520622169088,"ZWINT/FBXO5/TRIP13/KNL1",4
"GO:0006958","complement activation, classical pathway","5/263","39/18842",0.128205128205128,9.18494686555523,6.08770047940683,0.00019921722758638,0.00267005611991571,0.00241810829371309,"IGHA1/IGHA2/IGHG1/IGHG3/C1QC",5
"GO:0019731","antibacterial humoral response","7/263","86/18842",0.0813953488372093,5.83137324255018,5.34279345137865,0.000200254208993678,0.00267005611991571,0.00241810829371309,"IGHA1/IGHA2/IGHG1/IGHM/IGHG3/IGKV3-20/JCHAIN",7
"GO:2000241","regulation of reproductive process","9/263","148/18842",0.0608108108108108,4.35664371595931,4.87757174908287,0.000237879405739596,0.00315190212604964,0.00285448707056134,"CDC25A/ZWINT/TTK/FBXO5/TRIP13/PKMYT1/CDC20/KNL1/ASPM",9
"GO:0042770","signal transduction in response to DNA damage","10/263","185/18842",0.0540540540540541,3.87257219196383,4.67148105642548,0.000281910545006073,0.00371211400877562,0.00336183708082969,"E2F1/RAD51/CDK1/PLK1/BRCA2/CHEK1/FOXM1/DTL/GTSE1/CLSPN",10
"GO:0060623","regulation of chromosome condensation","3/263","10/18842",0.3,21.4927756653992,7.71207500598292,0.000300053320165672,0.003878738041166,0.00351273838648008,"NCAPG/CCNB1/NCAPH",3
"GO:0090306","meiotic spindle assembly","3/263","10/18842",0.3,21.4927756653992,7.71207500598292,0.000300053320165672,0.003878738041166,0.00351273838648008,"NDC80/SKA1/SKA3",3
"GO:1904666","regulation of ubiquitin protein ligase activity","3/263","10/18842",0.3,21.4927756653992,7.71207500598292,0.000300053320165672,0.003878738041166,0.00351273838648008,"UBE2C/FBXO5/CDC20",3
"GO:0002455","humoral immune response mediated by circulating immunoglobulin","5/263","44/18842",0.113636363636364,8.14120290356032,5.64235711753551,0.000355029029908866,0.00456158511155634,0.00413115166698472,"IGHA1/IGHA2/IGHG1/IGHG3/C1QC",5
"GO:0010458","exit from mitosis","4/263","25/18842",0.16,11.4628136882129,6.22819190088933,0.000372525229082359,0.00475755111840121,0.00430862622375635,"KNTC1/UBE2C/BIRC5/ANLN",4
"GO:0032465","regulation of cytokinesis","7/263","97/18842",0.0721649484536082,5.17008349339501,4.89899027031247,0.000420492772272092,0.00533799207914272,0.00483429648615673,"BIRC5/AURKB/PLK1/AURKA/CDC6/CDCA8/KIF20A",7
"GO:0000082","G1/S transition of mitotic cell cycle","11/263","235/18842",0.0468085106382979,3.35348272793463,4.31942014455895,0.000485168759130865,0.00612236767474663,0.00554465800963507,"CDKN3/RRM2/CDC25A/E2F1/CCNA2/CDK1/CCNB1/CCNB2/CDC6/CCNF/STIL",11
"GO:0090592","DNA synthesis involved in DNA replication","4/263","27/18842",0.148148148148148,10.6137163779749,5.94757268077399,0.000505621309273418,0.00634270518141802,0.00574420435936309,"TK1/PCLAF/POLQ/DTL",4
"GO:0008156","negative regulation of DNA replication","4/263","28/18842",0.142857142857143,10.2346550787615,5.81805478416387,0.000583467847942132,0.00727618728021952,0.0065896026220842,"FBXO5/CDC6/GMNN/CDT1",4
"GO:0033314","mitotic DNA replication checkpoint signaling","3/263","13/18842",0.230769230769231,16.5329043579994,6.66544882235483,0.000693264633565743,0.00854488966953126,0.0077385896216328,"ORC1/CDC6/CLSPN",3
"GO:1903490","positive regulation of mitotic cytokinesis","3/263","13/18842",0.230769230769231,16.5329043579994,6.66544882235483,0.000693264633565743,0.00854488966953126,0.0077385896216328,"BIRC5/AURKB/CDCA8",3
"GO:0032506","cytokinetic process","5/263","53/18842",0.0943396226415094,6.7587344859746,4.99495797362602,0.000847195090374714,0.0103818126681757,0.0094021796506224,"AURKB/PLK1/ANLN/CEP55/KIF20A",5
"GO:0000079","regulation of cyclin-dependent protein serine/threonine kinase activity","4/263","31/18842",0.129032258064516,9.24420458726849,5.46565666858692,0.000867696918995789,0.0105719394728223,0.00957436599522535,"CDKN3/CDC25A/PKMYT1/CDC6",4
"GO:2000104","negative regulation of DNA-templated DNA replication","3/263","15/18842",0.2,14.3285171102662,6.14406191788196,0.00108036418190137,0.0130878403750337,0.0118528652344061,"FBXO5/GMNN/CDT1",3
"GO:0007292","female gamete generation","7/263","115/18842",0.0608695652173913,4.36085303355927,4.30113444797797,0.00116041924686423,0.0139777772917737,0.0126588272601475,"NDC80/TRIP13/CCNB1/NCAPH/TOP2A/SKA1/SKA3",7
"GO:0051653","spindle localization","5/263","57/18842",0.087719298245614,6.28443732906411,4.7538914574784,0.00118147537818246,0.0141510045296431,0.0128157086895169,"NDC80/SKA1/CENPA/ASPM/SKA3",5
"GO:0044843","cell cycle G1/S phase transition","11/263","265/18842",0.0415094339622641,2.97384317382883,3.85005090848525,0.00129782693276122,0.0154142205214843,0.0139597269907946,"CDKN3/RRM2/CDC25A/E2F1/CCNA2/CDK1/CCNB1/CCNB2/CDC6/CCNF/STIL",11
"GO:0009263","deoxyribonucleotide biosynthetic process","3/263","16/18842",0.1875,13.4329847908745,5.91936401765212,0.0013160254313154,0.0154142205214843,0.0139597269907946,"RRM2/TK1/TYMS",3
"GO:0009265","2'-deoxyribonucleotide biosynthetic process","3/263","16/18842",0.1875,13.4329847908745,5.91936401765212,0.0013160254313154,0.0154142205214843,0.0139597269907946,"RRM2/TK1/TYMS",3
"GO:0046385","deoxyribose phosphate biosynthetic process","3/263","16/18842",0.1875,13.4329847908745,5.91936401765212,0.0013160254313154,0.0154142205214843,0.0139597269907946,"RRM2/TK1/TYMS",3
"GO:0032886","regulation of microtubule-based process","11/263","266/18842",0.0413533834586466,2.96266331227308,3.83556372961188,0.00133746735289251,0.0155792900446819,0.0141092204715145,"CDK11A/AURKB/PLK1/AURKA/TPX2/SKA1/STMN1/SPAG5/SKA3/CCNF/STIL",11
"GO:0060263","regulation of respiratory burst","3/263","17/18842",0.176470588235294,12.6428092149407,5.71391046509363,0.00158163298054798,0.0183227427254739,0.0165937995900395,"IGHA1/IGHA2/JCHAIN",3
"GO:0070507","regulation of microtubule cytoskeleton organization","8/263","157/18842",0.0509554140127389,3.65057760771112,3.96791610799329,0.00165643646926442,0.0189818665667058,0.0171907281771125,"AURKB/PLK1/TPX2/SKA1/STMN1/SPAG5/SKA3/STIL",8
"GO:0071897","DNA biosynthetic process","8/263","157/18842",0.0509554140127389,3.65057760771112,3.96791610799329,0.00165643646926442,0.0189818665667058,0.0171907281771125,"TK1/CCNA2/PCLAF/POLQ/CENPF/PIF1/DTL/TYMS",8
"GO:0007062","sister chromatid cohesion","5/263","62/18842",0.0806451612903226,5.77762786704281,4.4831064549968,0.00172572396412961,0.0196695419567461,0.0178135141746185,"FEN1/PLK1/ESCO2/CDCA5/BUB1",5
"GO:0051294","establishment of spindle orientation","4/263","38/18842",0.105263157894737,7.54132479487693,4.8023197417106,0.00188584148199494,0.0213795932718143,0.0193622041953256,"NDC80/SKA1/CENPA/SKA3",4
"GO:1902410","mitotic cytokinetic process","4/263","39/18842",0.102564102564103,7.34795749244419,4.72140680993721,0.00207859853964163,0.0234395154470226,0.0212277510874382,"AURKB/PLK1/CEP55/KIF20A",4
"GO:0006956","complement activation","5/263","65/18842",0.0769230769230769,5.51096811933314,4.33443021005767,0.0021295480908073,0.0238869944577327,0.0216330057556788,"IGHA1/IGHA2/IGHG1/IGHG3/C1QC",5
"GO:0007076","mitotic chromosome condensation","3/263","19/18842",0.157894736842105,11.3119871923154,5.3504883893185,0.00220785684402106,0.0245060550226422,0.0221936514571503,"NCAPG/PLK1/NCAPH",3
"GO:0051438","regulation of ubiquitin-protein transferase activity","3/263","19/18842",0.157894736842105,11.3119871923154,5.3504883893185,0.00220785684402106,0.0245060550226422,0.0221936514571503,"UBE2C/FBXO5/CDC20",3
"GO:0044773","mitotic DNA damage checkpoint signaling","5/263","66/18842",0.0757575757575758,5.42746860237355,4.28691232190427,0.00227829219207356,0.0251561429541455,0.0227823967674402,"CDK1/PLK1/CHEK1/DTL/CLSPN",5
"GO:1902412","regulation of mitotic cytokinesis","3/263","21/18842",0.142857142857143,10.2346550787615,5.03764616907747,0.00296866701554969,0.0326091920879033,0.0295321724704167,"BIRC5/AURKB/CDCA8",3
"GO:0035825","homologous recombination","5/263","71/18842",0.0704225352112676,5.04525250361484,4.06302773131534,0.00313757376099723,0.0342221060093347,0.0309928910303628,"RAD51/TRIP13/RAD54L/TOP2A/UHRF1",5
"GO:0031109","microtubule polymerization or depolymerization","7/263","137/18842",0.0510948905109489,3.66057006466654,3.71856013660383,0.00314778805274541,0.0342221060093347,0.0309928910303628,"KIF2C/AURKB/TUBG1/TPX2/SKA1/STMN1/SKA3",7
"GO:0007019","microtubule depolymerization","4/263","45/18842",0.0888888888888889,6.36822982678496,4.28955033737771,0.0035274538180195,0.0381540923173538,0.0345538531506973,"KIF2C/AURKB/TPX2/STMN1",4
"GO:0045910","negative regulation of DNA recombination","4/263","46/18842",0.0869565217391304,6.22979004794181,4.2252181200845,0.00382168130657218,0.0411267226900153,0.0372459846398674,"RMI2/H1-5/PLK1/POLQ",4
"GO:0061952","midbody abscission","3/263","24/18842",0.125,8.95532319391635,4.63975873932235,0.00438064210712141,0.0469038447833202,0.0424779746131922,"AURKB/CEP55/KIF20A",3
"GO:0090224","regulation of spindle organization","4/263","48/18842",0.0833333333333333,5.9702154626109,4.10208736148637,0.00445911248734124,0.0475041129304695,0.0430216011588093,"PLK1/TPX2/SPAG5/STIL",4
